a_over_M,N,mode,omega_real,omega_imag,relative_change_from_previous_N,residual_norm,matrix_dimension,effective_qubits,pauli_terms,sparsity,condition_number,conditioning_warning,branch_status,selection_score,eigenvector_overlap
0.0,16,fundamental,0.4836438924274065,-0.09675878999169116,,9.681237060917291e-19,16,4,256,0.0,5.044338974657224e+18,True,tracked,0.005909686118501937,
0.0,16,first_overtone,0.46385479091430576,-0.2956025836838266,,5.457590515064909e-19,16,4,256,0.0,8.730006978033236e+18,True,tracked,0.0033378812164812787,
0.0,32,fundamental,0.48364387221053917,-0.09675877597793836,4.9873348204919165e-08,5.471260831399778e-19,32,5,1023,0.0,4.014065431169722e+19,True,tracked,0.0013064860181049845,0.9999999999999868
0.0,32,first_overtone,0.46385057891627257,-0.2956039379805023,8.043748034655955e-06,4.271250894657042e-19,32,5,1023,0.0,5.079028815250584e+19,True,leaver_validated_reference_grid,0.0010315418679699396,0.9999999998785138
0.0,48,fundamental,0.483643872210601,-0.0967587759783489,8.417289189501243e-13,2.9097464229607473e-19,48,6,4093,0.0,1.7833245382047433e+20,True,tracked,0.0069658157826397995,1.0000000000000002
0.0,48,first_overtone,0.4638505786004547,-0.2956039368116171,2.201310067092564e-09,7.472088700013758e-20,48,6,4093,0.0,6.891042192535578e+20,True,exploratory_high_n_overtone,0.0017887911418047796,1.0000000000000002
0.0,64,fundamental,0.48364387220903693,-0.09675877597674665,4.5396769547177775e-12,2.4221984657869265e-19,64,6,4093,0.0,3.915356665682136e+20,True,tracked,0.006794839990407689,1.0
0.0,64,first_overtone,0.46385060361144476,-0.29560385081459994,1.6282629149871897e-07,9.244998667505578e-20,64,6,4093,0.0,1.0202142768660303e+21,True,exploratory_high_n_overtone,0.002593677035520977,0.9999999999999558
0.0,96,fundamental,0.48364387218947097,-0.09675877596067525,5.133587120668722e-11,1.0355691969246011e-19,96,7,16377,0.0,2.1255195010522072e+21,True,publication_high_n,0.0054414166268894676,1.0000000000000002
0.0,96,first_overtone,0.4638466822563364,-0.29559265256471645,2.157130554481423e-05,5.944080045092177e-20,96,7,16377,0.0,3.690724122787174e+21,True,exploratory_high_n_overtone,0.003154605975444154,0.9999999992230746
0.2,16,fundamental,0.4820337080202864,-0.09665387426751866,,8.367251909741881e-20,16,4,256,0.0,5.820484425092629e+19,True,tracked,0.001002799397613732,
0.2,16,first_overtone,0.46216975558299794,-0.2953098463806632,,6.559663250095891e-19,16,4,256,0.0,7.243307049560181e+18,True,tracked,0.004737031130353308,
0.2,32,fundamental,0.48203368791930384,-0.09665386072209685,4.930345095032746e-08,1.8636199761124484e-19,32,5,1023,0.0,1.1753821221679188e+20,True,tracked,0.002445749014324445,0.9999999999999872
0.2,32,first_overtone,0.46216558690205634,-0.29531129832555797,8.048530383133874e-06,3.122867245744668e-19,32,5,1023,0.0,6.9285692057237864e+19,True,leaver_validated_reference_grid,0.004109891256459169,0.9999999998804998
0.2,48,fundamental,0.48203368791956047,-0.09665386072271115,1.3541728811824258e-12,1.46316130658485e-19,48,6,4095,0.0,3.537321782439812e+20,True,tracked,0.0030074231281922077,1.0000000000000002
0.2,48,first_overtone,0.46216558410927894,-0.29531129661755395,5.968856713168019e-09,9.718758371557648e-20,48,6,4095,0.0,5.284395157192473e+20,True,exploratory_high_n_overtone,0.0019976297341662455,1.0
0.2,64,fundamental,0.4820336879226819,-0.0966538607234787,6.5383368280659736e-12,2.254332677079602e-19,64,6,4093,0.0,4.1961620873864426e+20,True,tracked,0.005598765619300622,1.0
0.2,64,first_overtone,0.4621655590046142,-0.2953114076171413,2.0749666219053994e-07,1.0381985104896306e-19,64,6,4093,0.0,9.061613936803613e+20,True,exploratory_high_n_overtone,0.0025787269276140094,0.9999999999999291
0.2,96,fundamental,0.48203368795486956,-0.09665386074813263,8.24699186378085e-11,8.244484193809914e-21,96,7,16381,0.0,2.6630407505433913e+22,True,publication_high_n,0.0010000001194600111,1.0000000000000002
0.2,96,first_overtone,0.46217263537194886,-0.295329805037738,3.593972713071003e-05,3.323056894822013e-20,96,7,16381,0.0,6.584979524527312e+21,True,exploratory_high_n_overtone,0.003640707310149135,0.9999999978672636
0.5,16,fundamental,0.47388694582243346,-0.09610919396807033,,1.6489457185141542e-18,16,4,256,0.0,2.9119558641432827e+18,True,tracked,0.0015662670374784287,
0.5,16,first_overtone,0.453646661609584,-0.29378825313457063,,1.0561392689481468e-18,16,4,256,0.0,4.4353350038564634e+18,True,tracked,0.01679695927174486,
0.5,32,fundamental,0.4738869263709161,-0.09610918270333074,4.648662709783824e-08,1.6911829419321447e-19,32,5,1023,0.0,1.2778701759968166e+20,True,tracked,0.0017791227710240642,0.9999999999999887
0.5,32,first_overtone,0.4536427457066632,-0.29379018071495056,8.075604808575216e-06,3.5977873275305475e-19,32,5,1023,0.0,5.933160582664803e+19,True,leaver_validated_reference_grid,0.003796434954486433,0.9999999998899503
0.5,48,fundamental,0.47388692637037416,-0.09610918270527134,4.166932208185643e-12,1.2531691241365835e-19,48,6,4095,0.0,4.0755130738759297e+20,True,tracked,0.0024570368827647026,1.0
0.5,48,first_overtone,0.4536427311344793,-0.2937901774023661,2.7650084487443694e-08,9.753212526353217e-20,48,6,4095,0.0,5.1960458895898595e+20,True,exploratory_high_n_overtone,0.0019123121381278483,0.9999999999999989
0.5,64,fundamental,0.473886926370446,-0.09610918270340535,3.861926730562044e-12,7.646400716863114e-20,64,6,4093,0.0,1.2208959826275923e+21,True,tracked,0.003814337840267092,1.0
0.5,64,first_overtone,0.4536427499524996,-0.2937901528632986,5.721690147247343e-08,5.777420283829025e-20,64,6,4093,0.0,1.6069779103047567e+21,True,exploratory_high_n_overtone,0.0028820968153895864,0.9999999999999949
0.5,96,fundamental,0.4738869263759794,-0.096109182706946,1.3585856983985432e-11,5.098060049711325e-20,96,7,16381,0.0,4.2505160667529793e+21,True,publication_high_n,0.0024783714253653203,1.0
0.5,96,first_overtone,0.45364586568914556,-0.29379552129645037,1.1484671057065708e-05,2.5206874904935318e-20,96,7,16381,0.0,8.56789272197011e+21,True,exploratory_high_n_overtone,0.001242060105499224,0.9999999997942007
1.0,16,fundamental,0.44836242586060293,-0.09424818425109038,,9.622586755027777e-19,16,4,256,0.0,4.759067465320296e+18,True,tracked,0.005435896761649239,
1.0,16,first_overtone,0.4269742792113136,-0.2885697521693848,,3.968126650509209e-19,16,4,256,0.0,1.1256992119494332e+19,True,tracked,0.05252694989528066,
1.0,32,fundamental,0.4483624090017799,-0.0942481791587782,3.843870769941502e-08,2.794290444993104e-19,32,5,1024,0.0,7.39162090536911e+19,True,tracked,0.004819071523768441,0.9999999999999923
1.0,32,first_overtone,0.4269714902744878,-0.28857291401866697,8.181126602625095e-06,1.0962146899825735e-19,32,5,1024,0.0,1.8608410284315473e+20,True,leaver_validated_reference_grid,0.001902387647302392,0.999999999913892
1.0,48,fundamental,0.44836240900104274,-0.09424817916188052,6.959797367922261e-12,4.549298753476956e-20,48,6,4095,0.0,1.073606188016498e+21,True,tracked,0.004934195432941754,1.0
1.0,48,first_overtone,0.4269714630214645,-0.28857291631029447,5.306984326400886e-08,1.7649567205394502e-20,48,6,4095,0.0,2.745689197664426e+21,True,exploratory_high_n_overtone,0.0019143590953864754,0.9999999999999964
1.0,64,fundamental,0.4483624090013222,-0.09424817915922012,5.838635479327661e-12,1.5074571871703994e-19,64,6,4095,0.0,5.923988354044995e+20,True,tracked,0.008046035259179313,1.0
1.0,64,first_overtone,0.426971482811342,-0.2885728799472149,8.033365565644134e-08,7.859578732835427e-20,64,6,4095,0.0,1.129912466008972e+21,True,exploratory_high_n_overtone,0.004195157515705453,0.9999999999999915
1.0,96,fundamental,0.44836240909457853,-0.09424817915768438,2.0357249222655939e-10,4.0165741278601735e-20,96,7,16381,0.0,5.162250835324125e+21,True,publication_high_n,0.001591325719973987,1.0
1.0,96,first_overtone,0.4270355479326775,-0.28860895793753105,0.0001426722900649956,5.340117124720999e-20,96,7,16381,0.0,3.8696902950244555e+21,True,exploratory_high_n_overtone,0.0023225836495682647,0.9999999735434829
